,Comment,Technology,Technology in Education,Technology in Workforce Development,comment_len,web_link,word_edu,tech_related,edu_tech_related,workforce_tech_related
1823,"for this position you will be working with computer, smart phone and Tablets so the application built in is mostly the build in apps you will find in the tablet and or smart phone 

i hope that answer your question",,,,214,0,1,1,1,0
1825,"I‚Äôm in the same zip code and I want to say that this is the 4th time it‚Äôs gone out since I started working from home mid March. I was paying for the 300 mbps for spectrum and I am paying far less with Google Fiber with a massive jump in upload. Even with reliability the way it is, I would not go back to spectrum. They can suck a fat one",,,,338,0,0,1,1,0
1826,"Lawyer up(consult JAG first), hit the gym, delete Facebook.  

Don't listen to what ""everyone"" is saying you should do. You should only do what your divorce lawyers says. The title of the post would have sufficed. The comments you made and everything in this thread (or in any other social media)can/will be used against you if its a contested divorce and things get ugly. 

Divorce is an emotionally draining phase. Been through it five years ago and let me tell you this, it will get rough before it gets better. Good luck and hang in there. ",,,,544,0,0,1,1,0
1829,"San Japan was a nightmare, and I got there early.

No parking at the Marriott or river center.

What I had wished I had done was be more aware of the multiple lots near by, as I saw they were open AFTER I had passed them, but locked in traffic so bad it was impossible to jump into a lane to get there.

Take 5 minutes and Google map the area before you go, and  if you see the best lots are full when you get there..you know off the top of your head the alternative lots in walking distance",,,,491,0,0,1,1,0
1830,My wife gets this notification because she has an AirTag registered to my phone on her keychain. It‚Äôs warning her that an AirTag is tracking her that is not registered to her phone.,,,,181,0,0,1,1,0
1831,"I can only hope that some other option, like Google Fiber, will become available in San Antonio...soon!",,,,103,0,0,1,0,0
1832,"Years ago (pre-google maps on phones) we had some friends from out of town visiting that got lost and called us for directions. When I asked them what they were near they answered ""We're at a Valero gas station. We just passed a  Jim's Resteraunt a minute ago."" They couldn't understand why I laughed.",,,,301,0,0,1,1,0
1834,"Internet bandwidth will definitely take a hit. You may want to try setting up your phone as a hot spot if you get 4g at your home but even those networks will get overburdened as people sit around on YouTube. Streaming services have been discussing limiting video quality to help.

Electricity demand will definitely be lower than usual with so many businesses closed.",,,,368,0,0,1,1,0
1836,"What‚Äôs nice is this feature (like turning the external cameras into dash cams &amp; many other Tesla features) weren‚Äôt originally available but owners expressed desire for it. So in a free over-the-air software update all Tesla‚Äôs suddenly had the new feature.

Valet mode limits power and top speed, but also disables autopilot, voice commands, glove box &amp; front trunk access, navigation addresses (saved favorites, home &amp; work addresses, etc.), prevents checking/changing Bluetooth/WiFi settings (e.g. - list of saved devices/WiFi networks), HomeLink (garage/gate remote), history of previous private charging locations, and the ability to see/change most of the settings pages.

Tesla valet-mode does have the advantage of also being enabled remotely via the phone app (e.g. - you only remembered about it after leaving the car). I‚Äôm not sure if other cars have this ability yet.",,,,889,0,1,1,1,0
1837,Wait. Did taskus ask what a tech support advisor is???,,,,54,0,1,1,0,0
1838,"There's also this, when it comes to the competitive economy: Bexar Co Bachelor's degree or higher age 25+ 2016-2020 = 28.5%  compared to Travis Co 51.5%.  (source: US Census) Both counties were roughly equivalent in education 40 years ago. The growth in education in Austin has been the the single greatest factor in the growth of hi-tech jobs since it attracts hi-tech employers and startups.",,,,393,0,1,1,1,0
1839,"Thanks! Confirmed that Google fiber is planned and not available yet. Spectrum provides up to 1000 Mbps cable service, and Grande doesn‚Äôt cover the property. Edited my post in case it‚Äôs useful to someone else.",,,,209,0,0,1,0,0
1840,"They should have some photos on their Instagram or Facebook.

I think you have some options to choose from, but we‚Äôve always had some rice, pancit, bbq sticks, bbq chicken, bangus, lumpia and lechon kawali. And I‚Äôm not lying when I say their lechon is the best I‚Äôve EVER had, even better than my mom‚Äôs (don‚Äôt tell her that! lol) They also come with mangoes and watermelon. 

Sari Sari does a boodle fight as well, but I‚Äôve never had it.",,,,436,0,0,1,1,0
1841,"Hi u/FideoSpecial,

By tech jobs do you mean more call center jobs? üôÑ",,,,69,0,1,1,0,0
1842,"I interpret this post as ""out of sight; out of mind"".  We know damn well for sure that the public and police officers can get along.  What sucks is that the media is currently flooded with stories about abusive cops (doing shit that isn't warranted) along with violent offenders getting killed while actually harming police officers.  We are then shown that police officers and the public get along and make contributions toward a better society, but they are really Twitter/Facebook PR shots.

I can appreciate something as candid as this over those crappy PR posts.",,,,567,0,1,1,1,0
1843,"You have to pay up and it's a lot. JASSA use to offer tier classes but they have since imploded so who knows if they'll come back. None of colleges offer it as a class for non-student adult education. Language schools want to charge thousands for a personal tutor.

You're better off using language apps.",,,,304,0,1,1,1,0
1844,Google 1gb @ $70/mo for the past month and LOVE IT!,,,,51,0,0,1,0,0
1845,"Google RV rental.

Your best bet may be to pick up and drop off in San Antonio, then take a megabus from S.A. to Austin. When booked in advance, megabus tickets are very inexpensive.  ",,,,184,0,0,1,1,0
1846,Definitely not a party type atmosphere and we‚Äôre not a rowdy couple. Just things couples can check out together that doesn‚Äôt involve drinking alcohol. Preferably not a lot of walking involved either because she‚Äôs pregnant. Thank you for the suggestions!,,,,253,0,0,1,1,0
1848,"From what I can gather all cons are postponed until further notice, but that was like 2 months back not sure if they've re-scheduled cause I havent kept in touch. A google or twitter search might help you out.

&amp;#x200B;

Edit: Pokefest SA seems like its still going thought but honestly not worth the 15 dollar entry fee.",,,,325,0,0,1,1,0
1849,"As much as I don‚Äôt miss the heat, I really wish the Pacific Northwest hadn‚Äôt been hit so hard. We‚Äôre used to the triple digits for months on end, which is why we have so many great HVAC technology vendors. Many homes and businesses in the PNW don‚Äôt even have AC; if they do, they‚Äôre not powerful enough.

Edit: fixed something",,,,326,0,1,1,1,0
1851,do you know any particular locations where google maps is out of date in SA? i use it just about daily and don‚Äôt run in to issues,,,,129,0,0,1,1,0
1853,"That raises a lot of questions.....why would the **group of DA's who are going after the cop** ask for the **records to be** ***not*** **released?** What exactly is in there they think would damage the case against prosecuting the cop here?

Questions now.",,,,256,0,0,1,1,0
1856,"OP states in a comment he has Google fiber. So he she was not a ""representative"" for him at all.",,,,96,0,0,1,0,0
1857,"I had to Ask Jeeves wtf this ""Google""thing was, FASCINATING concept.",,,,68,0,0,1,0,0
1859,Same. I'll occasionally google image search Manu tho because he's cute and I like his nose,,,,90,0,0,1,1,0
1860,"Dunno.  IIRC the old boxes can handle up to 50mbps down so maybe you aren't supposed to be getting a new one?  

Try the live chat, in my experience it has been fairly responsive and with minimal delay.  Better than phone by far.",,,,229,0,0,1,1,0
1861,"Very impressive with your hostility.

I like how that person deleted their comment because they put a google search link and then even admitted they had no idea of wait times.

So no that wasn‚Äôt a helpful response. Keep it up.",,,,226,0,0,1,1,0
1863,"Some Swiftwater stations have a credit card swiper, prints out a receipt to scan. But they also have a phone app you can buy manual wash credits through.",,,,153,0,1,1,1,0
1864,"The actual reason behind *why* is that Texas doesn't limit liability as much as other states particularly when it comes to things like 18 wheeler accidents. In fact, a case in Corpus recently set the largest personal injury verdict record by awarding the plaintiff $301 billion. These sums often get overturned but none-the-less, it's very lucrative to be a personal injury attorney here. 

source: work in tech related to texas insurance markets",,,,446,0,1,1,1,0
1865,"Thank you for sharing this, I am new to the area  and looking, and require a doctor that is up-to-date on current best practices and scientific knowledge. Thank you for saving me a phone call.",,,,192,0,0,1,1,0
1867,I heard that a bunch of people were moving away from facebook to instagram... ,,,,78,0,0,1,1,0
1868,"I was actually there when this happened. My girlfriend, daughter and two year old granddaughter went to San Antonio for spring break. The baby wasn‚Äôt feeling good so I carried her until she got too heavy. At that point I put her back in the stroller. That slight delay may have saved us. A few minutes later I heard a loud crack. I‚Äôm an avid outdoorsman and also a retired phone man. I‚Äôve worked lots of storms and I immediately knew what that sound was. I was looking at the tree when it fell. It‚Äôs strange how your mind works when your senses are overwhelmed by adrenaline. I knew that we were far enough away that we were safe. I looked upwards to see if power lines were in the tree limbs and I jumped in front of the stroller to make sure the baby wouldn‚Äôt be injured by fleeing people. I also remember having the irrelevant thought that ‚Äúit‚Äôs not even that windy‚Äù. When the tree actually impacted, it was chaos. I heard a woman screaming. What she said was unintelligible but I heard the word ‚Äúbaby‚Äù. I rushed into the fallen tree after speaking some harsh words to a zoo employee who said that there were power lines in the tree. They were telephone drops-not power lines. After 25 years of building fiber and copper networks, I KNEW what they were. I saw something graphic that I‚Äôm not going to describe. They were being helped and first aid isn‚Äôt something I‚Äôm good at. I was looking for injured people who were under the debris. I found a shed that was totally obliterated. I was able to lift a part of it up and I‚Äôm so glad that nobody was underneath it,  because I found two children‚Äôs backpacks right next to it. I looked for a few more minutes and thankfully didn‚Äôt find anyone. As I navigated my way out, I administered another cursing over-you guessed it, power lines. This time to a guest who told me to stay away from them. If you‚Äôve watched the video, I‚Äôm the guy with the  gray ponytail. It turned out, that the family who was injured, lives a few miles away from me. I don‚Äôt know them but the mother works in a school cafeteria. I mention this because that should make it obvious that she isn‚Äôt wealthy. If you can help, please do. There is a Go Fund Me page. I don‚Äôt want to invade the families privacy so you can find it on your own if you look. We left the zoo immediately afterwards. On the drive home I looked at the news. Within 2-3 hours the tree was turned to mulch. Some of the local news outlets said a ‚Äúlimb‚Äù had fallen. They also reported that the zoo‚Äôs EMT team was there within minutes. Maybe 15 minutes. Maybe. I passed them as were leaving the park and wasn‚Äôt at all impressed by their sense of urgency. The fire department and ambulances did get there quickly though. I hope that samples of the affected area of that tree were preserved and I hope that other guests got plenty of pics of the tree. I didn‚Äôt think to take any.",,,,2863,0,1,1,1,0
1870,Uber is a literal scumbag company don‚Äôt expect them to pay for shit. They offered something ridiculous like $20 to that driver in SF who got coughed on/girls took his phone/vandalized his car. He was lucky someone made a GoFundMe for him,,,,237,0,0,1,1,0
1871,We are already in a place where this has already been passed. This is already Texas state law. Move to the county if you are afraid of criminals,,,,144,0,0,1,1,0
1873,"I'd check to see if it's already there. They use CAT5 for telephone cabling in newer homes. you might be able to ride off that. My house was built in 2004 and is technically already wired...but for telephones. It's an easy modification. You could also use your old phone cabling as a lead to pull new cat 5 through.  

I don't know anyone who runs residential, or I'd give you a contact.",,,,387,0,1,1,0,0
1874,"I am sorry but this is not how translators work. In general you provide the translator with the text and they do it on a computer. What you are asking is live transcription and this cost probably 5 to 10 times as much as a normal written translation. And if you want it done in public where there is more noise, you might be cheaper flying to Sweden yourself.",,,,359,0,0,1,1,0
1875,"San Antonio Counseling Center is who I see my therapist through and I like them. I see my therapist online via portal

I‚Äôm also the type of person who has to understand the ‚Äúwhy‚Äôs‚Äù of things so I also Google (or whatever search engine you want) and watch YouTube videos on psychology that speak to what I would like to learn about. 

I started my journey by searching ‚Äúwhy am I so angry‚Äù and found out about anxiety (I honestly had no idea what it was prior to about ~6 years ago) and then I learned about depression and those symptoms. It has been a tough road but I‚Äôm happy with the progress I made. There‚Äôs been plenty of ups and downs, breakdowns and outbursts and some of them were cathartic and necessary. It can be scary to let emotions surface but it‚Äôs worth it. Just be kind to yourself as you go through your journey.",,,,827,0,1,1,1,0
1877,"You have very little chance of getting a rental place before you get a job.  So your priorities are ‚Äî

1. Keep peace.  Tell your gf not to argue with your grandmother.  Try to change the subject when they start to talk about something they argue about.  Tell your grandma you are thankful for her feeding and housing you, your gf and your baby.  Do literally anything that doesn‚Äôt endanger your soul or your baby or break the law to stay in her graces.

2. Find a job.  Go to HEB‚Äôs website and apply, they hire under 18, they are on the bus routes and all their locations are needing employees right now.  You can also call pizza and fast food places that are still open (call between 2-4pm) and ask if they are hiring but that‚Äôs less likely than HEB, Sprouts, Trader Joe‚Äôs and Whole Foods.  You should also google JobCorps and find out if you can sign up for the next round, but of course that won‚Äôt be for awhile yet.  Tell your gf to do the same ‚Äî if she gets a job before you do, you take care of the baby.

3. Moving out.",,,,1026,0,1,1,1,0
1878,"Oh yeah, and I had a scandalous problem with the reservation there.  I made one on open table for two people and then it was cancelled by the restaurant about an hour later.  Of course the only notification, despite having my phone number, was an email that I did not notice until 30 minutes before the reservation when I was leaving.  I did call and was given a table, but the problems did not stop there. 

The next day, they called to confirm a reservation for 13 people that evening.  I explained that they must have mixed something up and explained the reservation problem that I had and that it was not me with a reservation for 13.  They apologized and the call ended.  Two hours later, I got a text from the restaurant confirming my reservation for 13 people.  A reply text and another apology.   Still, very...  whatever.",,,,830,0,0,1,0,0
1880,"google his name, I am to lazy to type our what a douche he is. 

",,,,65,0,0,1,0,0
1882,I don't know what the schools are going to do that don't even have enough computers and other devices on which to take this test. I have some students that hate computers and would suck at an online test so it's not going to measure anything appropriately for them.,,,,265,0,1,1,1,0
1883,"This sounds interesting. I have a Bachelor's in computer science and enjoy programming specifically bc It feels like solving fun puzzles. The posting wants experience in certain things , while I only have some experience with SQL from that list. Do you think that would be enough to have a shot?",,,,295,0,0,1,0,0
1884,"If this weren't so expensive, I'd be down! I've done several ultras around Texas but never a relay and I've heard great things about Ragnar races. Look up the SARR ORR (San Antonio road runners off road running) group on facebook - you can probably put together a team or maybe even join one that's already started with folks in that group. I recently started training with them so I have people to do my long runs with, it's a great group!",,,,440,0,0,1,1,0
1886,"I'm paying like $85 after everything for my 200/20.  
  
Not a great price, but it's at least decently fast and surprisingly reliable.  
  
but $55 for fiber gig up and down would be absolutely amazing, unfortunately I am in an apartment and someone said that Google is disinterested in doing apartment installs at this poing of the rollout, and they'd likely be some of the last places to get GoogleFiber.  
  
I'm hopeful that I'll get ATT Fiber as my apartment management company/owner (They are both) has only 2 (maybe it was 3...) complexes in San Antonio and I saw ATT Fiber being installed at the other one. It's a process that does require a bit of cooperation between ATT and the property owner.",,,,704,0,0,1,1,0
1887,"I volunteered all summer at the Migrant Resource Center and was floored by how welcoming, giving, and compassionate the employees and volunteers of each of these orgs are. All of these groups either have Facebook pages or websites where you could read more about their missions and services, most of which extend beyond helping immigrants and refugees to include other vulnerable populations. Thanks for helping out communities in need.",,,,436,0,0,1,1,0
1888,"I had TWC for years. I currently have U-Verse.

**==TWC==**
 * Pro:
 ** Cable Reliable
 ** Depending on service you don't need boxes for every TV
 ** Internet speeds are decent.
 ** Under $200 for ""all the things"".
 * Con:
 ** Phone service was horrible quality.
 ** Channels at times took 30s or longer to change (this is why I changed to U-Verse)
 ** Bad patch jobs for outlet work
 ** Left outside boxes and connectors open and exposed to elements.

**==U-Verse==**
 * Pro:
 ** Faster than TWC when changing the channels
 ** Decent customer service from time to time
 ** Good phone quality, great download speeds
 ** Good DVR interface 
 ** Nice phone application for scheduling shows.
 * Con:
 ** Requires a box for EVERY TV and they charge for each one (be careful here they said they were free [online and via phone] they were not)
 ** Right now I'm experiencing a problem where I can't upload several photos to imgur, facebook, or flickr using drag and drop (anyone else having this problem). It's been a week and still no fix after multiple calls.
 ** Over $200 for ""all the things"".
",,,,1092,0,1,1,1,0
1890,Are you an LO or on the IT side of things. I‚Äôve been an LO for coming up on 5 years and trying to pivot into tech. I feel like being even slightly responsible for systems in consumer direct would give me gray hairs lol,,,,218,0,1,1,1,0
1892,"Hey, neutral. I'm here because I sorted by controversial. I'm from California and I have never been to Texas. The few people from Texas who wind up here tend to do pretty well. Y'all are a fearless bunch. Have you considered changing her environment? Everyone here seems to be aiming to make it in either Los Angeles in entertainment or San Francisco in technology. So, drugs tend to be marginalized to agricultural areas, but even in Davis the capital is close by, so she'd be surrounded by lawyers gunning for a spot in the cabinet. Just an idea. Could be worth a plane ticket to San Jose to tour the Apple building, plug no play campus and Y combinstor.",,,,656,0,1,1,1,0
1893,DM me and I can give particulars.  Any non Apple phone should work.  We can test before.,,,,88,0,1,1,1,0
1894,"It‚Äôs like that joke about the engineer and the heavy machinery. 

A factory has to shut down because some crucial equipment breaks. 

The employees on the floor troubleshoot it. The foreman looks at it. They call their maintenance team. They call in an outside master tech. No one can fix it. 

Finally they call the company that makes the machine and explain the problem. They send out the inventor of the machine. 

He examines it. Plays with it a little. 

Then he takes out a mallet and taps it in a seemingly random spot. 

The machine works like new. 

He hands an invoice to the factory owner for 10K USD. 

‚Äú10K? For what? You were here 5 minutes and hit it with a mallet!‚Äù 

The engineer takes the invoice and crosses out the charge and writes in 

$1 - Service Visit 

$9,999 - Decades of education, training and experience to know where to hit the machine with the mallet",,,,882,0,1,1,1,0
1895,Not sure reddit will believe that the stigma doesn't exist. Manufacturing jobs are the jobs that redditors don't want to do. Reddit thinks it wants to work for Google or a nice non-profit and get paid 6 figures.,,,,211,0,0,1,1,0
1896,"Google Fiber is running lines in Valley Forge neighborhood currently, almost done",,,,81,0,0,1,0,0
1897,San Antonio has an area devoted to old programming languages now?,,,,65,0,0,1,1,1
1898,"I believe that Google usually has their Street View cars running continually in major cities since businesses, streets, and such are constantly changing. I know in Ohio the street view data changed quite a few times in the few year that I was there. ",,,,250,0,0,1,1,0
1899,"I hope not. I moved to the neighborhood by you a few months ago and had to cancel my google fiber and have been super sad ever since. This can‚Äôt go on forever !!!! Jk
But I was super bummed about it not being in the new area",,,,224,0,0,1,1,0
1900,Remember when everyone was stoked about Hulu bringing a large center here and providing a lot of jobs? Remember when everyone was excited that a large Tech company finally recognized us as a viable job market? Yeah.... turns out it's just a call-center. I read that about 7-10% of the positions there require actual technical skills and college degrees. Everything else just requires a high school diploma and 1-2 years customer service experience. It doesn't affect my life directly but it sets a bad precedent for our city if these large companies are only seeing San Antonio as a place to plug another call center into. ,,,,623,0,1,1,1,0
1901,God.  Coming from San Diego... SA will take some getting used to.  Ocean Beach looks beautiful from Google Street.,,,,114,0,0,1,0,0
1903,It's worth going over at least quarterly. Especially with Google and att currently expanding fiber.,,,,99,0,0,1,1,0
1905,"I don't like her.  Castro and the Council, as a whole, were welcoming Google Fiber to serve our city.  Once she takes over, she kisses AT&amp;T's ass for their knee-jerk reaction to offer faster broadband speeds after sensing the slightest hint of reasonable competition.  To me, that wasn't a welcoming of innovation...that was her telling a big telco ""I'm behind you.  Get ready to support me and I'll block Google Fiber.""

You can say I'm reading too much into it.  I was around the city for a long time as an employee.  I know how these bastards work.",,,,555,0,0,1,1,0
1906,"Im glad this happened for you. When i had first moved here, i was running on a sidewalk on a local road after a rainfall. a car came up, right through the puddle and got that puddle water all over me. sigh",,,,205,0,1,1,1,0
1908,"Facebook events, follow local influencers like puro pinche, que means what, sa foodie and local bars/venues likes brick at bluestar, the starlighter, deco pizza, the rockbox. Also follow the city accounts like parks and recreation and the arts and culture dept. 

What type of events are you looking for?",,,,304,0,0,1,1,0
1912,"It's Schertz just FYI, and there are Facebook pages you can post in for anyone looking for painters. ",,,,101,0,0,1,1,0
1916,"So far, I've used both Sprint and AT&amp;T, but I've only used Ma Bell with my iPhones; when I had Sprint, I had a Palm Treo which I used data on (slow tethering and pre iPhone browsing).

Sprint wasn't fast, but I mostly blame CDMA and the Treo; cell service was fantastic and I always had full bars. Customer service with Sprint is HORRIBLE, and one of the reasons I left (besides the 3GS).

If you're going 4S, I recommend AT&amp;T for HSPA+ (pseudo 4G, more like 3.5G). CDMA just isn't as good, and I have a feeling Sprint's network will be slower based on multiple reports I've looked at.

If you get a 5, it doesn't matter as much, except for being outside of San Antonio. The only caveat is LTE brings data to the 5, not voice. So to do both, the phone falls back to CDMA for Sprint/Verizon, which means no talk/data at the same time; AT&amp;T still gets both over 3.5G.

Unlimited is great, so long as its usable. Just try out one and if you get bad service, return it while you can. If you're signing a contract; just get a 5. :)

Hope this helps!",,,,1056,0,0,1,1,0
1917,You and me both... Tired of being a phone monkey! I wanna dig in to a PC again.,,,,79,0,0,1,0,0
1918,"
So far, this is the most diplomatic Mod answer I've seen.

I understand Mods having personal lives. I don't have any responsibilities on reddit but I do moderate or own a few 10,000+ member groups on facebook and boy they're far busier than r/sanantonio and I can't always handle things right away. But it comes back down to this being a fairly quiet sub. Troll posts would be around for only a few hours at most as long as they're reported, which they would be.

But lets use the example of someone blocking a user who just creates a new account and comes in and trolls them all over again. The block/report feature is only, what, three or four mouse clicks?

I'd like to submit to you, Guac, that you guys consider disabling the automod for a month with the caveat that if things get out of hand, it gets reactivated. I propose this in an effort to show that it really isn't needed. Perhaps I'm wrong, but I don't think I am. Then again, none of us ever do think we're wrong regarding our opinions, do we?

I urge you to consider it. If you take up the challenge, don't tell the sub that the bot is off. That only encourages trolling. Just my suggestion.",,,,1157,0,0,1,1,0
1919,"Yes!  Both Roku‚Äôs are missing half the channels.  I‚Äôve tried uninstalling and reinstalling the app, unplugging the Roku from the wall, and updating/restarting the Roku.  Frustrating.  I tried to bypass by uploading the individual channel apps, but that also registered as unsubscribed.  Ugh.",,,,291,0,1,1,1,0
1920,"You‚Äôre going to be very limited in what info you can actually obtain - given she was *likely* under 18.

If you‚Äôre handy with coding, or willing to shell out a few dollars (5er comes to mind) - you might be able to do a Facebook scrub looking for people with her name, in the age range you‚Äôre posturing. It‚Äôd probably also be worthwhile to check linkedin also - she may have listed it as experience or similar if she remained in that industry or area of work as an adult.",,,,471,0,0,1,1,0
1922,"It‚Äôs based on data from google location history, what‚Äôs not empirical about that?

More to the point, it‚Äôs not saying anything about who has the best bbq or whatever, just where it‚Äôs most popular relative to other restaurant choices.",,,,233,0,0,1,1,0
1923,"We have been quarantined at home and only leaving the house for curbside pickup (once in last 3 weeks) or to pick up curbside from Sawasdee for my birthday. Today I got up early and went to Target to get something  for Easter for my kids. Let me tell you, I am confused and horrified. There are people of all ages walking around with no masks. They have little kids with them. Some older people have masks but they pull them down to talk to other people. I saw a woman answer her cell phone over and over and every time she pulled her face mask down to talk. I saw a wealthy looking woman and her two teenagers walking around with  no masks and making fun of those who were wearing one. The woman told her daughters ‚Äúwe don‚Äôt live like that ha ha ha‚Äù Even my cashier was not wearing a mask and there was no hand get at her register. I asked if she was worried and she said, ‚ÄúNo, the media hyped it up, its not as bad as they said.‚Äù 

I expect an explosion of cases in SA based on what I just saw. I hope I am wrong. But damn, people.",,,,1033,0,0,1,1,0
1924,"ICMP is blocked on most Windows systems by default; try pinging the edge router from your Windows system. If you can access the internet then my guess is that its something on your router. Some of them block different types of traffic (still finding some edge cases with mine where it doesn't like a few URLs).

Alternatively ping 8.8.8.8, which is Google's default DNS and has essentially 100% uptime

Finally- you may have added rules to allow traffic but not enabled them. Did you do this in the GUI or via the Command Line?",,,,527,0,0,1,1,0
1926,"&gt;Teachers like you are what is wrong with the system. While I understand being laid back, allowing students to sleep in your class is setting yourself up for a fall. Just wait until someone fails and brings their mom to talk to you about(it happened to several of my profs) and they are not going to care that you were lenient on their child while they are paying thousands of dollars.
&gt;
&gt;As for needing their rest, they would get plenty of it, if they didn't stay on their damn cell phone until 1-2 in the morning. You are also setting these kids up to fail because in the real world, their employer is not going to care if they are tired or not. 

On the contrary, you cannot hold a students' hand and walk them through college, nor can you critique them how to behave as a student. Students learn more responsibility and learn more from their mistakes when they are exposed to such.  This is not high school... this is college. Keep in mind that the student is paying for tuition to be there, they should have the ability to have some leeway on some things. 

In my opinion, sleeping through class is just one of those incidents that the student will eventually learn later on of such consequences.  One incident (where I know, the student is for the most part, a good student, doesn't deserve harsh criticism from me... that's what their parents are/were there for.) If the student continuously becomes less engaged by sleeping then I would be a bit concerned, where I would eventually mention something to such student. 

I apologize, but I wholly disagree with your outlook in higher education. The students themselves should be able to decide where their actions take them.  They will eventually learn that there may be consequences for their actions later down their college career or in their actual career of choice. 

A good example of this would be atudent cheating on an exam/homework. Cheating in itself is deemed an inappropriate academic action on behalf of the student. The consequence of academic dishonesty can be wholly detrimental to the student by essentially being thrown out of the university after ONE incident! Does the student merit such a harsh consequence? This can be subjective depending on the professor/university/department, but if you know the student merits some leeway by them recognizing responsibility for their actions, then why should they be affected for the rest of their life with one bad decision?  While I'm not going to argue against that cheating is not wrong in higher education, it really is, but one decision to cheat does not inherently make that student a bad student, nor do I think academic dishonesty merits automatic expulsion from the university (dependant on case). While college is about receiving an education, that is not solely the reason why students are there. It's about building relationships, learning / being exposed to certain outcomes / consequences and experiencing the independence of being an adult for the first time. ",,,,3002,0,1,1,1,0
1929,"In the same scenario, while I had the option I chose to use work computer because I really don't want those extra hours of wear and tear on my personal computer üòÇ",,,,162,0,0,1,1,0
1930,Get some certs. I used to work in tech support and hated every second of it. Once I got a couple certs I was able to move into desktop support and then network engineering. ,,,,173,0,1,1,0,0
1938,"If you believe it‚Äôs 11 minutes by car, you‚Äôre either going off of Siri/Google maps estimate, or driving at times of day where there‚Äôs zero traffic (such as 10am or 2am or 9pm). Realistically, that drive‚Äôs gonna take you 20 minutes, minimum",,,,239,0,0,1,1,0
1939,"‚ÄúThey all sign consent forms to go. The vendor that was doing them for Florida, provided them with a pamphlet for Martha‚Äôs Vineyard provided a map and the phone numbers for different services‚Äù - Ron de Santis. As you can clearly tell‚Ä¶ he did not lie to them. This is indeed a well thought out political stunt. Here in Texas about 2 thousand people enter the border illegally every day. YTD this year so far is 1.9 million, that‚Äôs the whole population of San Antonio. Obviously we need help. The immigrants don‚Äôt warn us when they cross the border, we act accordingly. However when we send them to a different state also without warning, with far less than what we receive a day, everyone loses their mind.
Yes we are complaining, people in Brownsville (high percentage of hispanic population) complain they dont have the means to sustain, people in Uvalde (a small city with little resources) are also complaining. Small rural towns are being filled with massive numbers of illegal immigrants.
This brings me to my question, how is it bad to send migrants to places that actually want to take care of them and have a high amount of resources? Take responsibility in your words saying they are ‚Äúwelcomed‚Äù. Also isn‚Äôt it funny how in less than 48 hours they removed the immigrants from Martha‚Äôs Vineyard and sent them to a military base? Ironic dont you think?",,,,1358,0,0,1,1,0
1940,I can get you in touch with an essex artist. Google essex if you are unsure what that is.,,,,89,0,0,1,1,0
1941,"This sounds like a 20th Century problem. Your office probably just needs to switch its phone service away from AT&amp;T. The Internet phone service I use at home doesn't care if I dial ""1"" for calls to any area code. ",,,,217,0,0,1,1,0
1943,"&gt;Hey, if it's already in place and there will not be any additional costs, use it. Why do you ask the question?

Because I don't understand why I should care about that. It may be free economically, but it would take political will to turn on, and that's political will that could be aimed at something more important than enabling some janitor at SAHA to stream seven pornos simultaneously while on the clock.

I'm all for faster Internet, but, I mean, my wife and I watch movies on Netflix non-stop, and my job is as lawyer for a tech company, and I don't get wtf the average person needs faster Internet than we already have for. The ""digital divide"" isn't from people having access to cable speeds instead of fiber speeds. Some poor guy in the projects isn't failing to better himself because he doesn't have FIOS.

Let's be honest with ourselves: unless we're some big data engineer/scientist, we want faster Internet for ultraHD Game of Thrones streams and so we can pirate an episode of the Daily Show in two seconds off Usenet.

&gt;Do you think it should be metered

no

&gt;Do you work for Time Warner, Comcast? 

Go fuck yourself for even suggesting something so vile.

**Edit** OK I guess I admit it would be cool to be able to stream something from my home network to my in-laws' house in Houston the couple times a year I go visit or to upload my videos from Cornyation a few times faster than I currently do. But LOL at lack of access to gigabit Internet being some sort of economic hindrance.

I could get behind an argument saying poors only have access to dialup and we need to get them some kind of bandwidth, absolutely‚Äîthat really is a digital divide. You can't do MOOCs, e.g., with dialup. But an upgrade from cable to fiber isn't going to give you a leg up in the economy, yet that's the argument I keep seeing people make.

I'm not against fiber. I'm against arguments I don't understand and arguments that are stupid. I don't know whether the economic argument is the former or the latter, which is why I'm asking the question; so I can decide whether I don't understand or whether it's just a stupid argument.",,,,2138,0,1,1,1,0
1944,"it's a screenshot from google maps. I was driving down that part of the highway and thought of it, and when I got home, I went onto google maps to get this pic and make this post",,,,178,0,0,1,1,0
1945,"Sorry if I was a bit too harsh - but db positions have typically been pretty competitive because the pay for a DB admins is usually pretty good.  Plus, every listing requires years of experience for even entry-level stuff - which I think they do out of pure sadism.  Then there's also the absurdly-specific-required-skill-set job listing, which is usually only done because they already know exactly who they want to hire/promote, but they need to list the job for bureaucratic reasons.  

As far as ""heavy programming requirements"" goes, what I mean is that DB management/building requires a high level of programming skill to do well.  SQL *is* a programming language, and the entire point of a DB is to work in tandem with other programs, usually requiring some API/scripting management.  Being familiar with programming concepts and dblibs in Java, C/C++, Python, and PHP is a *huge* part of the difference between a good DB admin and a terrible one.

In SA, your best best for db work will be with the bigger companies.  Rackspace and USAA are sucking up all the tech talent they can find, but it's hard to get a Resume thru the filters.  I think HostGator is in a bit of a hiring freeze, but if you know any Linux, then they'll probably at least give you an interview.  The school districts usually have open IT positions, General Dynamics has some IT here in town, and Accenture has cold called me an annoying amount of times for some entry level stuff, but the pay they offer is an insult.

If you want to do db work, then start applying for every db position you can find.  Experience is the best and fastest teacher.",,,,1626,0,1,1,1,1
1946,"I'm switching to Google fiber from spectrum, unless you have a special plan, it is cheaper for more. Not as crazy download and upload speeds. I will have Sling, every major streaming service, and faster internet for cheap.

I will say that as far as getting your money's worth, fiber is the way to go. I want to have smart gadgets in my house, and spectrum just doesn't give enough to run them all at a reasonable price.",,,,420,0,0,1,1,0
1948,"Binding arbitration is one of those ideas that sounded kind of OK in theory, but in practice has turned out to be horrible. It's \*\*ALWAYS\*\* biased in favor of the more powerful party, often blatantly so.

Anecdote: I used to do tech support for a law firm in a different city, and that law firm was contracted by a large employer who hired many immigrant workers to do physically dangerous jobs. I'm being vague here deliberately. All on the job injuries were sent to binding arbitration done by lawyers at the firm where I worked.

Once I happened to overhear a couple of the lawyers who did binding arbitration chuckling because they were talking about this idiot employee who thought there was any chance at all that they'd rule against the company.

So.... Yeah. Fuck binding arbitration sideways. It's just a way for the powerful party to abuse the less powerful party.",,,,878,0,1,1,1,0
1949,I think your best bet would be to search Facebook. You can just put Shauna in and then filter by people and city of San Antonio. I just did a quick search and there's way too many results to figure out which one is who without knowing exactly what she looks like.,,,,263,0,0,1,1,0
1951,"I was once a loyal T-Mobile customer for 11 years. I suddenly got laid off from my place of employment, and could no longer pay my bills. So I called T-Mobile's customer service, and asked for an extension for a month until I got a new job. They wouldn't budge. My phone was disconnected a few days later. Never forget. ",,,,320,0,0,1,1,0
1954,"If you have an Instant Pot, Google Instant Pot tamales. We followed the recipe to the letter and they were great. Still a crap ton of work, but worthwhile and delicious.",,,,169,0,0,1,0,0
1958,"What's so bad about ghosting? Honest question. I've never done it and never had it done to me, but personally, I'd take someone bouncing without causing drama any day of the week. Hell, with some of my exes, I would have been elated to have them not text me after we broke up, like, ""Oh thank God and baby Jesus they aren't blowing up my phone anymore!"" ",,,,354,0,0,1,1,0
1959,"Nah, that Google search yielded inaccurate results. There's a lot of them.",,,,74,0,0,1,1,0
1960,"Computer science, I was also only interested in software developer roles, so that was another limiting factor, but now I make good money I def wouldn't be making at my age without a degree. Would be hard to get close",,,,216,0,0,1,1,0
1961,"And we know most of those weren't essential workers because we saw what traffic looked like last year when only essential workers were on the roads.  I saw on various facebook groups people saying they had to run out to the grocery store.  These aren't people living in poverty so how do you not have a few days of food in your house?  This winter storm coming has been in the news for two weeks now.  At the very least have a case of ramen on hand.  

Of course, after seeing people fighting mask wearing and refusing the vaccine, I shouldn't be surprise at the utter stupidity and lack of foresight the average person has.",,,,624,0,0,1,1,0
1963,"No? There's no reason to put yourself and others in danger with reckless driving. I've been in 2 accidents involving drivers who were speeding while looking at the phone. 

I get the slow driver thing on 1604, but take into consideration that there may be large trucks and traffic going onto or off off the highway. Some people are being overly cautious because there are those drivers who act like it's a raceway and have 0 consideration for others.",,,,450,0,0,1,1,0
1964,Use the search bar and type in google fiber or internet pull find some useful info,,,,82,0,0,1,1,0
1969,"We had a similar issue last week with TWC and after I whined about it, it seemingly fixed itself gradually between the time I called and the time the tech arrived.  Our download speed fixed itself the day before and our upload speed finally reached what it was supposed to be the day the tech was scheduled.  Who knows if there was any cause and effect relationship between me whining and the resolution (we still had 2 days where we were getting .16mbps -- no exaggeration), but it's worth a go if you have the time to sit on hold.",,,,532,0,1,1,1,0
1970,"More often than not, when people aren‚Äôt moving on a green, it‚Äôs because they‚Äôre on their phone, eating, doing makeup, etc. Waiting until you see that no one is running a red isn‚Äôt an issue at all; not being ready to go when the light turns is inconsiderate",,,,256,0,0,1,1,0
1971,"Your neighbor is an idiot and/or a cunt. No private citizen can own the public street along their property. As long as you're parked in the direction of traffic, not blocking anything, etc, you're not going to get ticketed. You just have to deal with the ass-hat next door if you choose to park there.",,,,301,0,0,1,1,0
1972,You should get a bunch of small flyers and put it on their car.,,,,63,0,0,1,1,0
1974,"H20 wireless is what I use, $60/month for my iPhone 4S with 1gb data (don't even use the data)",,,,94,0,0,1,0,0
1977,"There‚Äôs crime everywhere in the city but specifically at axio there‚Äôs tons cause it‚Äôs super cheap which attracts low income. A kid died in January of mold exposure, teen was shot and killed there in 2020 and early last year I was delivering food and there were kids at the basketball courts hanging out and one pulled a gun out on all of them. What you see on google and reviews are true lol. I heard the structure and insulation of the buildings are garbage too. They recently got new owners if that says anything",,,,514,0,0,1,1,0
1979,I'm sure you know how to Google. If you are actually interested you can look for yourself.,,,,90,0,0,1,1,0
1980,"If you're using a Sprint phone, you need to look for other CDMA carriers. I believe Verizon is the only other ""big"" carrier that uses CDMA, but a few of the smaller providers do as well (I think Cricket does). You won't be able to take your phone to AT&amp;T or T-Mobile unless you had a random phone model that had dual antennas. ",,,,331,0,0,1,1,0
